model,split,row_index,true_label,predicted_score
Logistic Regression,1,11,1,0.64896
Logistic Regression,1,20,0,0.348721
Logistic Regression,1,7,0,0.155347
Logistic Regression,1,9,1,0.668929
Logistic Regression,1,21,0,0.405503
Logistic Regression,1,0,1,0.620588
Logistic Regression,1,27,0,0.404888
Logistic Regression,1,24,0,0.225372
Logistic Regression,1,3,0,0.421116
Logistic Regression,1,10,0,0.402787
Logistic Regression,2,27,0,0.445474
Logistic Regression,2,15,0,0.748803
Logistic Regression,2,31,0,0.414471
Logistic Regression,2,13,1,0.697539
Logistic Regression,2,4,0,0.497646
Logistic Regression,2,12,1,0.714263
Logistic Regression,2,3,0,0.486512
Logistic Regression,2,6,0,0.314972
Logistic Regression,2,2,0,0.530988
Logistic Regression,2,14,1,0.794364
Logistic Regression,3,18,0,0.401247
Logistic Regression,3,30,1,0.767773
Logistic Regression,3,13,1,0.722518
Logistic Regression,3,28,0,0.640356
Logistic Regression,3,10,0,0.433365
Logistic Regression,3,15,0,0.785044
Logistic Regression,3,17,0,0.404917
Logistic Regression,3,2,0,0.471053
Logistic Regression,3,0,1,0.683204
Logistic Regression,3,31,0,0.517161
Logistic Regression,4,21,0,0.43204
Logistic Regression,4,19,0,0.386078
Logistic Regression,4,22,0,0.449632
Logistic Regression,4,4,0,0.484057
Logistic Regression,4,26,0,0.256122
Logistic Regression,4,29,1,0.703695
Logistic Regression,4,13,1,0.655627
Logistic Regression,4,27,0,0.430404
Logistic Regression,4,24,0,0.211879
Logistic Regression,4,12,1,0.669916
Logistic Regression,5,15,0,0.725234
Logistic Regression,5,29,1,0.73667
Logistic Regression,5,20,0,0.359918
Logistic Regression,5,9,1,0.655091
Logistic Regression,5,19,0,0.355191
Logistic Regression,5,0,1,0.658319
Logistic Regression,5,7,0,0.121642
Logistic Regression,5,24,0,0.194995
Logistic Regression,5,25,0,0.161698
Logistic Regression,5,18,0,0.380182
Logistic Regression,6,6,0,0.420285
Logistic Regression,6,0,1,0.645797
Logistic Regression,6,10,0,0.441899
Logistic Regression,6,17,0,0.422508
Logistic Regression,6,3,0,0.44116
Logistic Regression,6,5,0,0.51065
Logistic Regression,6,2,0,0.466262
Logistic Regression,6,11,1,0.701035
Logistic Regression,6,9,1,0.697749
Logistic Regression,6,16,0,0.448097
Logistic Regression,7,13,1,0.678705
Logistic Regression,7,29,1,0.725989
Logistic Regression,7,31,0,0.427228
Logistic Regression,7,23,0,0.347485
Logistic Regression,7,28,0,0.576968
Logistic Regression,7,24,0,0.224911
Logistic Regression,7,6,0,0.335822
Logistic Regression,7,20,0,0.3658
Logistic Regression,7,18,0,0.383365
Logistic Regression,7,9,1,0.658189
Logistic Regression,8,18,0,0.415324
Logistic Regression,8,17,0,0.428624
Logistic Regression,8,14,1,0.746949
Logistic Regression,8,20,0,0.37751
Logistic Regression,8,5,0,0.512043
Logistic Regression,8,31,0,0.432842
Logistic Regression,8,15,0,0.690725
Logistic Regression,8,30,1,0.734307
Logistic Regression,8,0,1,0.638025
Logistic Regression,8,6,0,0.412583
Logistic Regression,9,29,1,0.699106
Logistic Regression,9,2,0,0.48471
Logistic Regression,9,5,0,0.506053
Logistic Regression,9,23,0,0.360781
Logistic Regression,9,18,0,0.398712
Logistic Regression,9,8,1,0.72148
Logistic Regression,9,22,0,0.435316
Logistic Regression,9,7,0,0.133365
Logistic Regression,9,0,1,0.654582
Logistic Regression,9,6,0,0.407863
Logistic Regression,10,12,1,0.672251
Logistic Regression,10,30,1,0.706211
Logistic Regression,10,4,0,0.445417
Logistic Regression,10,31,0,0.439411
Logistic Regression,10,0,1,0.623242
Logistic Regression,10,25,0,0.180439
Logistic Regression,10,19,0,0.365529
Logistic Regression,10,20,0,0.358544
Logistic Regression,10,18,0,0.387635
Logistic Regression,10,27,0,0.412463
Logistic Regression,11,22,0,0.453429
Logistic Regression,11,16,0,0.467799
Logistic Regression,11,12,1,0.690682
Logistic Regression,11,14,1,0.718103
Logistic Regression,11,3,0,0.472446
Logistic Regression,11,8,1,0.71909
Logistic Regression,11,19,0,0.403081
Logistic Regression,11,26,0,0.325101
Logistic Regression,11,20,0,0.391413
Logistic Regression,11,17,0,0.421316
Logistic Regression,12,7,0,0.154857
Logistic Regression,12,2,0,0.508398
Logistic Regression,12,15,0,0.774552
Logistic Regression,12,16,0,0.466428
Logistic Regression,12,13,1,0.665811
Logistic Regression,12,9,1,0.667413
Logistic Regression,12,27,0,0.433772
Logistic Regression,12,6,0,0.280359
Logistic Regression,12,11,1,0.674985
Logistic Regression,12,17,0,0.382179
Logistic Regression,13,4,0,0.487803
Logistic Regression,13,29,1,0.673867
Logistic Regression,13,16,0,0.451324
Logistic Regression,13,30,1,0.61767
Logistic Regression,13,25,0,0.206473
Logistic Regression,13,7,0,0.23308
Logistic Regression,13,9,1,0.636892
Logistic Regression,13,2,0,0.520026
Logistic Regression,13,24,0,0.244103
Logistic Regression,13,20,0,0.360813
Logistic Regression,14,3,0,0.463972
Logistic Regression,14,28,0,0.577062
Logistic Regression,14,25,0,0.166789
Logistic Regression,14,13,1,0.668099
Logistic Regression,14,4,0,0.475501
Logistic Regression,14,8,1,0.713297
Logistic Regression,14,21,0,0.430011
Logistic Regression,14,12,1,0.682658
Logistic Regression,14,26,0,0.255537
Logistic Regression,14,6,0,0.329601
Logistic Regression,15,22,0,0.456614
Logistic Regression,15,2,0,0.522572
Logistic Regression,15,21,0,0.43679
Logistic Regression,15,9,1,0.657146
Logistic Regression,15,12,1,0.677852
Logistic Regression,15,27,0,0.43378
Logistic Regression,15,20,0,0.377277
Logistic Regression,15,25,0,0.175433
Logistic Regression,15,16,0,0.466798
Logistic Regression,15,30,1,0.662814
Logistic Regression,16,25,0,0.196131
Logistic Regression,16,19,0,0.360949
Logistic Regression,16,28,0,0.584356
Logistic Regression,16,18,0,0.377106
Logistic Regression,16,11,1,0.654102
Logistic Regression,16,12,1,0.669766
Logistic Regression,16,24,0,0.235257
Logistic Regression,16,10,0,0.376614
Logistic Regression,16,8,1,0.706975
Logistic Regression,16,27,0,0.420148
Logistic Regression,17,10,0,0.481137
Logistic Regression,17,1,1,0.446596
Logistic Regression,17,31,0,0.533294
Logistic Regression,17,23,0,0.308456
Logistic Regression,17,25,0,0.196936
Logistic Regression,17,11,1,0.654161
Logistic Regression,17,5,0,0.438237
Logistic Regression,17,17,0,0.36864
Logistic Regression,17,7,0,0.13221
Logistic Regression,17,12,1,0.671578
Logistic Regression,18,17,0,0.391971
Logistic Regression,18,11,1,0.69651
Logistic Regression,18,21,0,0.42191
Logistic Regression,18,18,0,0.388321
Logistic Regression,18,8,1,0.735071
Logistic Regression,18,9,1,0.68031
Logistic Regression,18,31,0,0.492103
Logistic Regression,18,15,0,0.774708
Logistic Regression,18,4,0,0.452701
Logistic Regression,18,10,0,0.41285
Logistic Regression,19,3,0,0.486298
Logistic Regression,19,8,1,0.725982
Logistic Regression,19,15,0,0.747679
Logistic Regression,19,23,0,0.387389
Logistic Regression,19,18,0,0.38585
Logistic Regression,19,29,1,0.750175
Logistic Regression,19,4,0,0.493505
Logistic Regression,19,19,0,0.388207
Logistic Regression,19,7,0,0.179318
Logistic Regression,19,12,1,0.696114
Logistic Regression,20,31,0,0.380244
Logistic Regression,20,6,0,0.3938
Logistic Regression,20,29,1,0.707038
Logistic Regression,20,13,1,0.689604
Logistic Regression,20,4,0,0.484274
Logistic Regression,20,3,0,0.470754
Logistic Regression,20,19,0,0.388746
Logistic Regression,20,17,0,0.403526
Logistic Regression,20,16,0,0.459816
Logistic Regression,20,9,1,0.674012
Linear SVM,1,11,1,0.725393
Linear SVM,1,20,0,0.034706
Linear SVM,1,7,0,0.003705
Linear SVM,1,9,1,0.717079
Linear SVM,1,21,0,0.07663
Linear SVM,1,0,1,0.671452
Linear SVM,1,27,0,0.071466
Linear SVM,1,24,0,0.009585
Linear SVM,1,3,0,0.130803
Linear SVM,1,10,0,0.156852
Linear SVM,2,27,0,0.10894
Linear SVM,2,15,0,0.848211
Linear SVM,2,31,0,0.088535
Linear SVM,2,13,1,0.793896
Linear SVM,2,4,0,0.316871
Linear SVM,2,12,1,0.866385
Linear SVM,2,3,0,0.298036
Linear SVM,2,6,0,0.028371
Linear SVM,2,2,0,0.463457
Linear SVM,2,14,1,0.950474
Linear SVM,3,18,0,0.034036
Linear SVM,3,30,1,0.764436
Linear SVM,3,13,1,0.836169
Linear SVM,3,28,0,0.246524
Linear SVM,3,10,0,0.387035
Linear SVM,3,15,0,0.749629
Linear SVM,3,17,0,0.048558
Linear SVM,3,2,0,0.34039
Linear SVM,3,0,1,0.944765
Linear SVM,3,31,0,0.329971
Linear SVM,4,21,0,0.062908
Linear SVM,4,19,0,0.025198
Linear SVM,4,22,0,0.086039
Linear SVM,4,4,0,0.186171
Linear SVM,4,26,0,0.002052
Linear SVM,4,29,1,0.77275
Linear SVM,4,13,1,0.71273
Linear SVM,4,27,0,0.056195
Linear SVM,4,24,0,0.00254
Linear SVM,4,12,1,0.773704
Linear SVM,5,15,0,0.766517
Linear SVM,5,29,1,0.88162
Linear SVM,5,20,0,0.020634
Linear SVM,5,9,1,0.766318
Linear SVM,5,19,0,0.024635
Linear SVM,5,0,1,0.814539
Linear SVM,5,7,0,0.000296
Linear SVM,5,24,0,0.001607
Linear SVM,5,25,0,0.000587
Linear SVM,5,18,0,0.031885
Linear SVM,6,6,0,0.153453
Linear SVM,6,0,1,0.752133
Linear SVM,6,10,0,0.215088
Linear SVM,6,17,0,0.118218
Linear SVM,6,3,0,0.227562
Linear SVM,6,5,0,0.285871
Linear SVM,6,2,0,0.290362
Linear SVM,6,11,1,0.738175
Linear SVM,6,9,1,0.73384
Linear SVM,6,16,0,0.17744
Linear SVM,7,13,1,0.744701
Linear SVM,7,29,1,0.80795
Linear SVM,7,31,0,0.171297
Linear SVM,7,23,0,0.060709
Linear SVM,7,28,0,0.359936
Linear SVM,7,24,0,0.016398
Linear SVM,7,6,0,0.063847
Linear SVM,7,20,0,0.052285
Linear SVM,7,18,0,0.068675
Linear SVM,7,9,1,0.70599
Linear SVM,8,18,0,0.051722
Linear SVM,8,17,0,0.065911
Linear SVM,8,14,1,0.816675
Linear SVM,8,20,0,0.036225
Linear SVM,8,5,0,0.226906
Linear SVM,8,31,0,0.114393
Linear SVM,8,15,0,0.584517
Linear SVM,8,30,1,0.712534
Linear SVM,8,0,1,0.804624
Linear SVM,8,6,0,0.086641
Linear SVM,9,29,1,0.808182
Linear SVM,9,2,0,0.195602
Linear SVM,9,5,0,0.204695
Linear SVM,9,23,0,0.024104
Linear SVM,9,18,0,0.033363
Linear SVM,9,8,1,0.887781
Linear SVM,9,22,0,0.081068
Linear SVM,9,7,0,0.000871
Linear SVM,9,0,1,0.816254
Linear SVM,9,6,0,0.07077
Linear SVM,10,12,1,0.822961
Linear SVM,10,30,1,0.714701
Linear SVM,10,4,0,0.152028
Linear SVM,10,31,0,0.074082
Linear SVM,10,0,1,0.87687
Linear SVM,10,25,0,0.001325
Linear SVM,10,19,0,0.021955
Linear SVM,10,20,0,0.013109
Linear SVM,10,18,0,0.019736
Linear SVM,10,27,0,0.045636
Linear SVM,11,22,0,0.130703
Linear SVM,11,16,0,0.134498
Linear SVM,11,12,1,0.775833
Linear SVM,11,14,1,0.788476
Linear SVM,11,3,0,0.183577
Linear SVM,11,8,1,0.831191
Linear SVM,11,19,0,0.06236
Linear SVM,11,26,0,0.020509
Linear SVM,11,20,0,0.047284
Linear SVM,11,17,0,0.080101
Linear SVM,12,7,0,0.002343
Linear SVM,12,2,0,0.212341
Linear SVM,12,15,0,0.781759
Linear SVM,12,16,0,0.101531
Linear SVM,12,13,1,0.744263
Linear SVM,12,9,1,0.732124
Linear SVM,12,27,0,0.063409
Linear SVM,12,6,0,0.03415
Linear SVM,12,11,1,0.773045
Linear SVM,12,17,0,0.044258
Linear SVM,13,4,0,0.240891
Linear SVM,13,29,1,0.742456
Linear SVM,13,16,0,0.089695
Linear SVM,13,30,1,0.532001
Linear SVM,13,25,0,0.002114
Linear SVM,13,7,0,0.010551
Linear SVM,13,9,1,0.758813
Linear SVM,13,2,0,0.349817
Linear SVM,13,24,0,0.005799
Linear SVM,13,20,0,0.015696
Linear SVM,14,3,0,0.262377
Linear SVM,14,28,0,0.292743
Linear SVM,14,25,0,0.005367
Linear SVM,14,13,1,0.765562
Linear SVM,14,4,0,0.2915
Linear SVM,14,8,1,0.851871
Linear SVM,14,21,0,0.135611
Linear SVM,14,12,1,0.805359
Linear SVM,14,26,0,0.016399
Linear SVM,14,6,0,0.094247
Linear SVM,15,22,0,0.165423
Linear SVM,15,2,0,0.364681
Linear SVM,15,21,0,0.121836
Linear SVM,15,9,1,0.701151
Linear SVM,15,12,1,0.7503
Linear SVM,15,27,0,0.110898
Linear SVM,15,20,0,0.049464
Linear SVM,15,25,0,0.00661
Linear SVM,15,16,0,0.157028
Linear SVM,15,30,1,0.5843
Linear SVM,16,25,0,0.005224
Linear SVM,16,19,0,0.061179
Linear SVM,16,28,0,0.267908
Linear SVM,16,18,0,0.061347
Linear SVM,16,11,1,0.798047
Linear SVM,16,12,1,0.805484
Linear SVM,16,24,0,0.012391
Linear SVM,16,10,0,0.182526
Linear SVM,16,8,1,0.86084
Linear SVM,16,27,0,0.093736
Linear SVM,17,10,0,0.440721
Linear SVM,17,1,1,0.354007
Linear SVM,17,31,0,0.381257
Linear SVM,17,23,0,0.016618
Linear SVM,17,25,0,0.004545
Linear SVM,17,11,1,0.835837
Linear SVM,17,5,0,0.169256
Linear SVM,17,17,0,0.03511
Linear SVM,17,7,0,0.00278
Linear SVM,17,12,1,0.849548
Linear SVM,18,17,0,0.074649
Linear SVM,18,11,1,0.815066
Linear SVM,18,21,0,0.089259
Linear SVM,18,18,0,0.061106
Linear SVM,18,8,1,0.854523
Linear SVM,18,9,1,0.773747
Linear SVM,18,31,0,0.420569
Linear SVM,18,15,0,0.701672
Linear SVM,18,4,0,0.195007
Linear SVM,18,10,0,0.48
Linear SVM,19,3,0,0.130922
Linear SVM,19,8,1,0.923346
Linear SVM,19,15,0,0.775875
Linear SVM,19,23,0,0.021096
Linear SVM,19,18,0,0.026178
Linear SVM,19,29,1,0.903409
Linear SVM,19,4,0,0.160896
Linear SVM,19,19,0,0.025221
Linear SVM,19,7,0,0.000655
Linear SVM,19,12,1,0.87403
Linear SVM,20,31,0,0.113951
Linear SVM,20,6,0,0.106259
Linear SVM,20,29,1,0.643137
Linear SVM,20,13,1,0.651077
Linear SVM,20,4,0,0.226899
Linear SVM,20,3,0,0.205583
Linear SVM,20,19,0,0.070805
Linear SVM,20,17,0,0.07803
Linear SVM,20,16,0,0.138262
Linear SVM,20,9,1,0.639757
Gaussian Naive Bayes,1,11,1,1.0
Gaussian Naive Bayes,1,20,0,0.0
Gaussian Naive Bayes,1,7,0,0.0
Gaussian Naive Bayes,1,9,1,1.0
Gaussian Naive Bayes,1,21,0,0.00289
Gaussian Naive Bayes,1,0,1,1.0
Gaussian Naive Bayes,1,27,0,0.015225
Gaussian Naive Bayes,1,24,0,0.0
Gaussian Naive Bayes,1,3,0,0.905497
Gaussian Naive Bayes,1,10,0,0.0
Gaussian Naive Bayes,2,27,0,0.00205
Gaussian Naive Bayes,2,15,0,1.0
Gaussian Naive Bayes,2,31,0,0.0
Gaussian Naive Bayes,2,13,1,1.0
Gaussian Naive Bayes,2,4,0,0.977639
Gaussian Naive Bayes,2,12,1,1.0
Gaussian Naive Bayes,2,3,0,0.873217
Gaussian Naive Bayes,2,6,0,0.0
Gaussian Naive Bayes,2,2,0,0.999019
Gaussian Naive Bayes,2,14,1,1.0
Gaussian Naive Bayes,3,18,0,0.0
Gaussian Naive Bayes,3,30,1,1.0
Gaussian Naive Bayes,3,13,1,1.0
Gaussian Naive Bayes,3,28,0,0.999998
Gaussian Naive Bayes,3,10,0,0.0
Gaussian Naive Bayes,3,15,0,1.0
Gaussian Naive Bayes,3,17,0,0.0
Gaussian Naive Bayes,3,2,0,0.993708
Gaussian Naive Bayes,3,0,1,1.0
Gaussian Naive Bayes,3,31,0,0.0
Gaussian Naive Bayes,4,21,0,0.006435
Gaussian Naive Bayes,4,19,0,1e-06
Gaussian Naive Bayes,4,22,0,0.249491
Gaussian Naive Bayes,4,4,0,0.981978
Gaussian Naive Bayes,4,26,0,0.0
Gaussian Naive Bayes,4,29,1,1.0
Gaussian Naive Bayes,4,13,1,0.999976
Gaussian Naive Bayes,4,27,0,0.0127
Gaussian Naive Bayes,4,24,0,0.0
Gaussian Naive Bayes,4,12,1,1.0
Gaussian Naive Bayes,5,15,0,1.0
Gaussian Naive Bayes,5,29,1,1.0
Gaussian Naive Bayes,5,20,0,0.0
Gaussian Naive Bayes,5,9,1,1.0
Gaussian Naive Bayes,5,19,0,7e-06
Gaussian Naive Bayes,5,0,1,1.0
Gaussian Naive Bayes,5,7,0,0.0
Gaussian Naive Bayes,5,24,0,0.0
Gaussian Naive Bayes,5,25,0,0.0
Gaussian Naive Bayes,5,18,0,2e-06
Gaussian Naive Bayes,6,6,0,0.0
Gaussian Naive Bayes,6,0,1,1.0
Gaussian Naive Bayes,6,10,0,0.0
Gaussian Naive Bayes,6,17,0,9e-06
Gaussian Naive Bayes,6,3,0,0.854903
Gaussian Naive Bayes,6,5,0,0.857894
Gaussian Naive Bayes,6,2,0,0.995293
Gaussian Naive Bayes,6,11,1,1.0
Gaussian Naive Bayes,6,9,1,1.0
Gaussian Naive Bayes,6,16,0,0.471993
Gaussian Naive Bayes,7,13,1,1.0
Gaussian Naive Bayes,7,29,1,1.0
Gaussian Naive Bayes,7,31,0,0.0
Gaussian Naive Bayes,7,23,0,2e-06
Gaussian Naive Bayes,7,28,0,0.999214
Gaussian Naive Bayes,7,24,0,0.0
Gaussian Naive Bayes,7,6,0,0.0
Gaussian Naive Bayes,7,20,0,0.0
Gaussian Naive Bayes,7,18,0,0.0
Gaussian Naive Bayes,7,9,1,1.0
Gaussian Naive Bayes,8,18,0,0.0
Gaussian Naive Bayes,8,17,0,1e-06
Gaussian Naive Bayes,8,14,1,1.0
Gaussian Naive Bayes,8,20,0,0.0
Gaussian Naive Bayes,8,5,0,0.821898
Gaussian Naive Bayes,8,31,0,0.0
Gaussian Naive Bayes,8,15,0,1.0
Gaussian Naive Bayes,8,30,1,1.0
Gaussian Naive Bayes,8,0,1,1.0
Gaussian Naive Bayes,8,6,0,0.0
Gaussian Naive Bayes,9,29,1,1.0
Gaussian Naive Bayes,9,2,0,0.98877
Gaussian Naive Bayes,9,5,0,0.832007
Gaussian Naive Bayes,9,23,0,0.0
Gaussian Naive Bayes,9,18,0,0.0
Gaussian Naive Bayes,9,8,1,1.0
Gaussian Naive Bayes,9,22,0,0.020165
Gaussian Naive Bayes,9,7,0,0.0
Gaussian Naive Bayes,9,0,1,1.0
Gaussian Naive Bayes,9,6,0,0.0
Gaussian Naive Bayes,10,12,1,1.0
Gaussian Naive Bayes,10,30,1,1.0
Gaussian Naive Bayes,10,4,0,0.983737
Gaussian Naive Bayes,10,31,0,0.0
Gaussian Naive Bayes,10,0,1,1.0
Gaussian Naive Bayes,10,25,0,0.0
Gaussian Naive Bayes,10,19,0,8e-06
Gaussian Naive Bayes,10,20,0,0.0
Gaussian Naive Bayes,10,18,0,2e-06
Gaussian Naive Bayes,10,27,0,0.028616
Gaussian Naive Bayes,11,22,0,0.034433
Gaussian Naive Bayes,11,16,0,0.026972
Gaussian Naive Bayes,11,12,1,1.0
Gaussian Naive Bayes,11,14,1,1.0
Gaussian Naive Bayes,11,3,0,0.288317
Gaussian Naive Bayes,11,8,1,1.0
Gaussian Naive Bayes,11,19,0,0.0
Gaussian Naive Bayes,11,26,0,0.0
Gaussian Naive Bayes,11,20,0,0.0
Gaussian Naive Bayes,11,17,0,0.0
Gaussian Naive Bayes,12,7,0,0.0
Gaussian Naive Bayes,12,2,0,0.999763
Gaussian Naive Bayes,12,15,0,1.0
Gaussian Naive Bayes,12,16,0,0.018063
Gaussian Naive Bayes,12,13,1,0.99999
Gaussian Naive Bayes,12,9,1,1.0
Gaussian Naive Bayes,12,27,0,0.001863
Gaussian Naive Bayes,12,6,0,0.0
Gaussian Naive Bayes,12,11,1,1.0
Gaussian Naive Bayes,12,17,0,0.0
Gaussian Naive Bayes,13,4,0,0.992969
Gaussian Naive Bayes,13,29,1,1.0
Gaussian Naive Bayes,13,16,0,0.123546
Gaussian Naive Bayes,13,30,1,1.0
Gaussian Naive Bayes,13,25,0,0.0
Gaussian Naive Bayes,13,7,0,0.0
Gaussian Naive Bayes,13,9,1,1.0
Gaussian Naive Bayes,13,2,0,0.999588
Gaussian Naive Bayes,13,24,0,0.0
Gaussian Naive Bayes,13,20,0,0.0
Gaussian Naive Bayes,14,3,0,0.235715
Gaussian Naive Bayes,14,28,0,0.991485
Gaussian Naive Bayes,14,25,0,0.0
Gaussian Naive Bayes,14,13,1,0.999955
Gaussian Naive Bayes,14,4,0,0.745816
Gaussian Naive Bayes,14,8,1,1.0
Gaussian Naive Bayes,14,21,0,1.5e-05
Gaussian Naive Bayes,14,12,1,1.0
Gaussian Naive Bayes,14,26,0,0.0
Gaussian Naive Bayes,14,6,0,0.0
Gaussian Naive Bayes,15,22,0,0.320512
Gaussian Naive Bayes,15,2,0,0.998262
Gaussian Naive Bayes,15,21,0,0.002198
Gaussian Naive Bayes,15,9,1,1.0
Gaussian Naive Bayes,15,12,1,1.0
Gaussian Naive Bayes,15,27,0,0.009366
Gaussian Naive Bayes,15,20,0,0.0
Gaussian Naive Bayes,15,25,0,0.0
Gaussian Naive Bayes,15,16,0,0.276409
Gaussian Naive Bayes,15,30,1,1.0
Gaussian Naive Bayes,16,25,0,0.0
Gaussian Naive Bayes,16,19,0,0.0
Gaussian Naive Bayes,16,28,0,0.99722
Gaussian Naive Bayes,16,18,0,0.0
Gaussian Naive Bayes,16,11,1,1.0
Gaussian Naive Bayes,16,12,1,1.0
Gaussian Naive Bayes,16,24,0,0.0
Gaussian Naive Bayes,16,10,0,0.0
Gaussian Naive Bayes,16,8,1,1.0
Gaussian Naive Bayes,16,27,0,0.000666
Gaussian Naive Bayes,17,10,0,0.0
Gaussian Naive Bayes,17,1,1,0.998761
Gaussian Naive Bayes,17,31,0,0.0
Gaussian Naive Bayes,17,23,0,0.0
Gaussian Naive Bayes,17,25,0,0.0
Gaussian Naive Bayes,17,11,1,1.0
Gaussian Naive Bayes,17,5,0,4.6e-05
Gaussian Naive Bayes,17,17,0,0.0
Gaussian Naive Bayes,17,7,0,0.0
Gaussian Naive Bayes,17,12,1,1.0
Gaussian Naive Bayes,18,17,0,0.0
Gaussian Naive Bayes,18,11,1,1.0
Gaussian Naive Bayes,18,21,0,0.0
Gaussian Naive Bayes,18,18,0,0.0
Gaussian Naive Bayes,18,8,1,1.0
Gaussian Naive Bayes,18,9,1,1.0
Gaussian Naive Bayes,18,31,0,0.0
Gaussian Naive Bayes,18,15,0,1.0
Gaussian Naive Bayes,18,4,0,0.531529
Gaussian Naive Bayes,18,10,0,0.0
Gaussian Naive Bayes,19,3,0,0.784352
Gaussian Naive Bayes,19,8,1,1.0
Gaussian Naive Bayes,19,15,0,1.0
Gaussian Naive Bayes,19,23,0,0.0
Gaussian Naive Bayes,19,18,0,0.0
Gaussian Naive Bayes,19,29,1,1.0
Gaussian Naive Bayes,19,4,0,0.968473
Gaussian Naive Bayes,19,19,0,0.0
Gaussian Naive Bayes,19,7,0,0.0
Gaussian Naive Bayes,19,12,1,1.0
Gaussian Naive Bayes,20,31,0,0.0
Gaussian Naive Bayes,20,6,0,0.0
Gaussian Naive Bayes,20,29,1,1.0
Gaussian Naive Bayes,20,13,1,1.0
Gaussian Naive Bayes,20,4,0,0.988951
Gaussian Naive Bayes,20,3,0,0.931202
Gaussian Naive Bayes,20,19,0,3e-06
Gaussian Naive Bayes,20,17,0,2e-06
Gaussian Naive Bayes,20,16,0,0.296682
Gaussian Naive Bayes,20,9,1,1.0
Random Forest,1,11,1,0.90222
Random Forest,1,20,0,0.075181
Random Forest,1,7,0,0.11301
Random Forest,1,9,1,0.669751
Random Forest,1,21,0,0.04019
Random Forest,1,0,1,0.717245
Random Forest,1,27,0,0.037786
Random Forest,1,24,0,0.011776
Random Forest,1,3,0,0.069814
Random Forest,1,10,0,0.280999
Random Forest,2,27,0,0.056501
Random Forest,2,15,0,0.514606
Random Forest,2,31,0,0.223138
Random Forest,2,13,1,0.654009
Random Forest,2,4,0,0.168666
Random Forest,2,12,1,0.788985
Random Forest,2,3,0,0.188419
Random Forest,2,6,0,0.048549
Random Forest,2,2,0,0.246884
Random Forest,2,14,1,0.931212
Random Forest,3,18,0,0.111621
Random Forest,3,30,1,0.844959
Random Forest,3,13,1,0.788134
Random Forest,3,28,0,0.41995
Random Forest,3,10,0,0.379264
Random Forest,3,15,0,0.658257
Random Forest,3,17,0,0.108326
Random Forest,3,2,0,0.176219
Random Forest,3,0,1,0.884152
Random Forest,3,31,0,0.415636
Random Forest,4,21,0,0.031836
Random Forest,4,19,0,0.002998
Random Forest,4,22,0,0.034884
Random Forest,4,4,0,0.05147
Random Forest,4,26,0,0.012463
Random Forest,4,29,1,0.847067
Random Forest,4,13,1,0.712215
Random Forest,4,27,0,0.026897
Random Forest,4,24,0,0.014171
Random Forest,4,12,1,0.796193
Random Forest,5,15,0,0.358964
Random Forest,5,29,1,0.92085
Random Forest,5,20,0,0.123053
Random Forest,5,9,1,0.626525
Random Forest,5,19,0,0.008816
Random Forest,5,0,1,0.793931
Random Forest,5,7,0,0.106395
Random Forest,5,24,0,0.011347
Random Forest,5,25,0,0.019345
Random Forest,5,18,0,0.016543
Random Forest,6,6,0,0.03274
Random Forest,6,0,1,0.730396
Random Forest,6,10,0,0.267198
Random Forest,6,17,0,0.023871
Random Forest,6,3,0,0.06564
Random Forest,6,5,0,0.076966
Random Forest,6,2,0,0.219727
Random Forest,6,11,1,0.898318
Random Forest,6,9,1,0.620136
Random Forest,6,16,0,0.200384
Random Forest,7,13,1,0.822163
Random Forest,7,29,1,0.923764
Random Forest,7,31,0,0.245871
Random Forest,7,23,0,0.016606
Random Forest,7,28,0,0.28137
Random Forest,7,24,0,0.006454
Random Forest,7,6,0,0.012934
Random Forest,7,20,0,0.123271
Random Forest,7,18,0,0.037918
Random Forest,7,9,1,0.721035
Random Forest,8,18,0,0.112956
Random Forest,8,17,0,0.113368
Random Forest,8,14,1,0.913176
Random Forest,8,20,0,0.117122
Random Forest,8,5,0,0.121126
Random Forest,8,31,0,0.308338
Random Forest,8,15,0,0.457018
Random Forest,8,30,1,0.841501
Random Forest,8,0,1,0.831371
Random Forest,8,6,0,0.02603
Random Forest,9,29,1,0.850932
Random Forest,9,2,0,0.21581
Random Forest,9,5,0,0.094265
Random Forest,9,23,0,0.074586
Random Forest,9,18,0,0.015911
Random Forest,9,8,1,0.805471
Random Forest,9,22,0,0.05107
Random Forest,9,7,0,0.159814
Random Forest,9,0,1,0.824059
Random Forest,9,6,0,0.046157
Random Forest,10,12,1,0.854445
Random Forest,10,30,1,0.837128
Random Forest,10,4,0,0.034846
Random Forest,10,31,0,0.280022
Random Forest,10,0,1,0.839746
Random Forest,10,25,0,0.010019
Random Forest,10,19,0,0.017023
Random Forest,10,20,0,0.071804
Random Forest,10,18,0,0.043433
Random Forest,10,27,0,0.025864
Random Forest,11,22,0,0.057202
Random Forest,11,16,0,0.161084
Random Forest,11,12,1,0.873253
Random Forest,11,14,1,0.886305
Random Forest,11,3,0,0.086026
Random Forest,11,8,1,0.860661
Random Forest,11,19,0,0.030356
Random Forest,11,26,0,0.056956
Random Forest,11,20,0,0.136135
Random Forest,11,17,0,0.050749
Random Forest,12,7,0,0.220509
Random Forest,12,2,0,0.32673
Random Forest,12,15,0,0.52937
Random Forest,12,16,0,0.169862
Random Forest,12,13,1,0.731965
Random Forest,12,9,1,0.668421
Random Forest,12,27,0,0.03254
Random Forest,12,6,0,0.032154
Random Forest,12,11,1,0.763903
Random Forest,12,17,0,0.017212
Random Forest,13,4,0,0.060272
Random Forest,13,29,1,0.842288
Random Forest,13,16,0,0.251814
Random Forest,13,30,1,0.785566
Random Forest,13,25,0,0.017511
Random Forest,13,7,0,0.151158
Random Forest,13,9,1,0.658666
Random Forest,13,2,0,0.30905
Random Forest,13,24,0,0.017511
Random Forest,13,20,0,0.169862
Random Forest,14,3,0,0.07217
Random Forest,14,28,0,0.252688
Random Forest,14,25,0,0.030445
Random Forest,14,13,1,0.687046
Random Forest,14,4,0,0.084664
Random Forest,14,8,1,0.786125
Random Forest,14,21,0,0.083513
Random Forest,14,12,1,0.796968
Random Forest,14,26,0,0.019476
Random Forest,14,6,0,0.03773
Random Forest,15,22,0,0.022477
Random Forest,15,2,0,0.251151
Random Forest,15,21,0,0.031005
Random Forest,15,9,1,0.660392
Random Forest,15,12,1,0.894559
Random Forest,15,27,0,0.022288
Random Forest,15,20,0,0.161582
Random Forest,15,25,0,0.008084
Random Forest,15,16,0,0.19969
Random Forest,15,30,1,0.779603
Random Forest,16,25,0,0.004451
Random Forest,16,19,0,0.007197
Random Forest,16,28,0,0.264187
Random Forest,16,18,0,0.032414
Random Forest,16,11,1,0.747494
Random Forest,16,12,1,0.750659
Random Forest,16,24,0,0.002083
Random Forest,16,10,0,0.22945
Random Forest,16,8,1,0.812484
Random Forest,16,27,0,0.02941
Random Forest,17,10,0,0.393774
Random Forest,17,1,1,0.462669
Random Forest,17,31,0,0.423267
Random Forest,17,23,0,0.020124
Random Forest,17,25,0,0.0
Random Forest,17,11,1,0.755309
Random Forest,17,5,0,0.03418
Random Forest,17,17,0,0.049032
Random Forest,17,7,0,0.143702
Random Forest,17,12,1,0.790034
Random Forest,18,17,0,0.064046
Random Forest,18,11,1,0.836684
Random Forest,18,21,0,0.041067
Random Forest,18,18,0,0.070766
Random Forest,18,8,1,0.892059
Random Forest,18,9,1,0.775865
Random Forest,18,31,0,0.321406
Random Forest,18,15,0,0.517781
Random Forest,18,4,0,0.044506
Random Forest,18,10,0,0.345881
Random Forest,19,3,0,0.065512
Random Forest,19,8,1,0.833264
Random Forest,19,15,0,0.405717
Random Forest,19,23,0,0.059372
Random Forest,19,18,0,0.009948
Random Forest,19,29,1,0.907197
Random Forest,19,4,0,0.066838
Random Forest,19,19,0,0.004205
Random Forest,19,7,0,0.2127
Random Forest,19,12,1,0.865125
Random Forest,20,31,0,0.195989
Random Forest,20,6,0,0.034292
Random Forest,20,29,1,0.875641
Random Forest,20,13,1,0.790358
Random Forest,20,4,0,0.09016
Random Forest,20,3,0,0.092198
Random Forest,20,19,0,0.0064
Random Forest,20,17,0,0.013266
Random Forest,20,16,0,0.126913
Random Forest,20,9,1,0.721618
Extra Trees,1,11,1,0.865275
Extra Trees,1,20,0,0.048527
Extra Trees,1,7,0,0.236689
Extra Trees,1,9,1,0.800647
Extra Trees,1,21,0,0.106536
Extra Trees,1,0,1,0.75756
Extra Trees,1,27,0,0.080399
Extra Trees,1,24,0,0.027707
Extra Trees,1,3,0,0.182955
Extra Trees,1,10,0,0.31787
Extra Trees,2,27,0,0.107449
Extra Trees,2,15,0,0.715279
Extra Trees,2,31,0,0.32854
Extra Trees,2,13,1,0.749356
Extra Trees,2,4,0,0.334082
Extra Trees,2,12,1,0.853707
Extra Trees,2,3,0,0.322476
Extra Trees,2,6,0,0.144332
Extra Trees,2,2,0,0.480042
Extra Trees,2,14,1,0.899002
Extra Trees,3,18,0,0.122282
Extra Trees,3,30,1,0.849765
Extra Trees,3,13,1,0.834228
Extra Trees,3,28,0,0.508621
Extra Trees,3,10,0,0.354973
Extra Trees,3,15,0,0.784682
Extra Trees,3,17,0,0.078052
Extra Trees,3,2,0,0.39058
Extra Trees,3,0,1,0.867006
Extra Trees,3,31,0,0.415546
Extra Trees,4,21,0,0.116407
Extra Trees,4,19,0,0.049491
Extra Trees,4,22,0,0.114604
Extra Trees,4,4,0,0.216683
Extra Trees,4,26,0,0.020423
Extra Trees,4,29,1,0.822043
Extra Trees,4,13,1,0.743448
Extra Trees,4,27,0,0.109152
Extra Trees,4,24,0,0.016004
Extra Trees,4,12,1,0.854017
Extra Trees,5,15,0,0.613615
Extra Trees,5,29,1,0.873811
Extra Trees,5,20,0,0.071298
Extra Trees,5,9,1,0.765524
Extra Trees,5,19,0,0.052752
Extra Trees,5,0,1,0.800959
Extra Trees,5,7,0,0.221912
Extra Trees,5,24,0,0.03606
Extra Trees,5,25,0,0.038521
Extra Trees,5,18,0,0.070079
Extra Trees,6,6,0,0.213677
Extra Trees,6,0,1,0.76071
Extra Trees,6,10,0,0.328158
Extra Trees,6,17,0,0.091437
Extra Trees,6,3,0,0.26786
Extra Trees,6,5,0,0.326709
Extra Trees,6,2,0,0.403899
Extra Trees,6,11,1,0.869786
Extra Trees,6,9,1,0.767938
Extra Trees,6,16,0,0.230801
Extra Trees,7,13,1,0.787858
Extra Trees,7,29,1,0.845771
Extra Trees,7,31,0,0.314174
Extra Trees,7,23,0,0.046551
Extra Trees,7,28,0,0.378404
Extra Trees,7,24,0,0.023562
Extra Trees,7,6,0,0.100244
Extra Trees,7,20,0,0.069552
Extra Trees,7,18,0,0.064853
Extra Trees,7,9,1,0.751489
Extra Trees,8,18,0,0.138056
Extra Trees,8,17,0,0.133299
Extra Trees,8,14,1,0.824833
Extra Trees,8,20,0,0.11697
Extra Trees,8,5,0,0.317715
Extra Trees,8,31,0,0.332451
Extra Trees,8,15,0,0.628415
Extra Trees,8,30,1,0.791234
Extra Trees,8,0,1,0.800097
Extra Trees,8,6,0,0.167347
Extra Trees,9,29,1,0.802896
Extra Trees,9,2,0,0.356456
Extra Trees,9,5,0,0.333964
Extra Trees,9,23,0,0.072485
Extra Trees,9,18,0,0.049093
Extra Trees,9,8,1,0.840415
Extra Trees,9,22,0,0.11106
Extra Trees,9,7,0,0.189199
Extra Trees,9,0,1,0.792971
Extra Trees,9,6,0,0.200671
Extra Trees,10,12,1,0.871208
Extra Trees,10,30,1,0.780806
Extra Trees,10,4,0,0.221796
Extra Trees,10,31,0,0.3393
Extra Trees,10,0,1,0.775328
Extra Trees,10,25,0,0.02226
Extra Trees,10,19,0,0.069787
Extra Trees,10,20,0,0.091665
Extra Trees,10,18,0,0.079621
Extra Trees,10,27,0,0.102535
Extra Trees,11,22,0,0.13791
Extra Trees,11,16,0,0.181289
Extra Trees,11,12,1,0.888772
Extra Trees,11,14,1,0.799105
Extra Trees,11,3,0,0.182334
Extra Trees,11,8,1,0.856444
Extra Trees,11,19,0,0.070109
Extra Trees,11,26,0,0.062174
Extra Trees,11,20,0,0.098402
Extra Trees,11,17,0,0.080764
Extra Trees,12,7,0,0.29888
Extra Trees,12,2,0,0.383044
Extra Trees,12,15,0,0.759269
Extra Trees,12,16,0,0.18319
Extra Trees,12,13,1,0.750662
Extra Trees,12,9,1,0.787449
Extra Trees,12,27,0,0.096949
Extra Trees,12,6,0,0.130049
Extra Trees,12,11,1,0.819736
Extra Trees,12,17,0,0.044253
Extra Trees,13,4,0,0.258748
Extra Trees,13,29,1,0.752181
Extra Trees,13,16,0,0.170043
Extra Trees,13,30,1,0.698081
Extra Trees,13,25,0,0.051752
Extra Trees,13,7,0,0.31292
Extra Trees,13,9,1,0.753873
Extra Trees,13,2,0,0.400734
Extra Trees,13,24,0,0.052352
Extra Trees,13,20,0,0.077444
Extra Trees,14,3,0,0.227259
Extra Trees,14,28,0,0.354392
Extra Trees,14,25,0,0.01665
Extra Trees,14,13,1,0.721733
Extra Trees,14,4,0,0.271202
Extra Trees,14,8,1,0.801008
Extra Trees,14,21,0,0.088907
Extra Trees,14,12,1,0.832572
Extra Trees,14,26,0,0.01321
Extra Trees,14,6,0,0.094809
Extra Trees,15,22,0,0.116619
Extra Trees,15,2,0,0.359479
Extra Trees,15,21,0,0.102436
Extra Trees,15,9,1,0.751142
Extra Trees,15,12,1,0.905731
Extra Trees,15,27,0,0.090739
Extra Trees,15,20,0,0.080649
Extra Trees,15,25,0,0.013575
Extra Trees,15,16,0,0.216939
Extra Trees,15,30,1,0.73923
Extra Trees,16,25,0,0.032413
Extra Trees,16,19,0,0.051178
Extra Trees,16,28,0,0.378684
Extra Trees,16,18,0,0.06092
Extra Trees,16,11,1,0.76389
Extra Trees,16,12,1,0.765276
Extra Trees,16,24,0,0.0369
Extra Trees,16,10,0,0.316251
Extra Trees,16,8,1,0.811075
Extra Trees,16,27,0,0.08314
Extra Trees,17,10,0,0.462018
Extra Trees,17,1,1,0.448679
Extra Trees,17,31,0,0.451114
Extra Trees,17,23,0,0.04976
Extra Trees,17,25,0,0.034931
Extra Trees,17,11,1,0.771731
Extra Trees,17,5,0,0.245546
Extra Trees,17,17,0,0.068601
Extra Trees,17,7,0,0.195728
Extra Trees,17,12,1,0.794235
Extra Trees,18,17,0,0.06163
Extra Trees,18,11,1,0.877593
Extra Trees,18,21,0,0.071818
Extra Trees,18,18,0,0.068151
Extra Trees,18,8,1,0.833009
Extra Trees,18,9,1,0.74938
Extra Trees,18,31,0,0.360888
Extra Trees,18,15,0,0.73392
Extra Trees,18,4,0,0.184736
Extra Trees,18,10,0,0.328355
Extra Trees,19,3,0,0.212335
Extra Trees,19,8,1,0.880705
Extra Trees,19,15,0,0.703285
Extra Trees,19,23,0,0.046442
Extra Trees,19,18,0,0.023684
Extra Trees,19,29,1,0.871023
Extra Trees,19,4,0,0.236266
Extra Trees,19,19,0,0.036029
Extra Trees,19,7,0,0.291688
Extra Trees,19,12,1,0.881428
Extra Trees,20,31,0,0.2517
Extra Trees,20,6,0,0.115926
Extra Trees,20,29,1,0.826516
Extra Trees,20,13,1,0.80891
Extra Trees,20,4,0,0.246008
Extra Trees,20,3,0,0.235504
Extra Trees,20,19,0,0.044508
Extra Trees,20,17,0,0.038121
Extra Trees,20,16,0,0.179306
Extra Trees,20,9,1,0.770941
HistGradientBoosting,1,11,1,0.998986
HistGradientBoosting,1,20,0,0.000473
HistGradientBoosting,1,7,0,0.000473
HistGradientBoosting,1,9,1,0.998986
HistGradientBoosting,1,21,0,0.000473
HistGradientBoosting,1,0,1,0.998986
HistGradientBoosting,1,27,0,0.000473
HistGradientBoosting,1,24,0,0.000473
HistGradientBoosting,1,3,0,0.000473
HistGradientBoosting,1,10,0,0.000473
HistGradientBoosting,2,27,0,0.000473
HistGradientBoosting,2,15,0,0.000473
HistGradientBoosting,2,31,0,0.000473
HistGradientBoosting,2,13,1,0.998986
HistGradientBoosting,2,4,0,0.000473
HistGradientBoosting,2,12,1,0.998986
HistGradientBoosting,2,3,0,0.000473
HistGradientBoosting,2,6,0,0.000473
HistGradientBoosting,2,2,0,0.000473
HistGradientBoosting,2,14,1,0.998986
HistGradientBoosting,3,18,0,0.000473
HistGradientBoosting,3,30,1,0.998986
HistGradientBoosting,3,13,1,0.998986
HistGradientBoosting,3,28,0,0.000473
HistGradientBoosting,3,10,0,0.000473
HistGradientBoosting,3,15,0,0.000473
HistGradientBoosting,3,17,0,0.000473
HistGradientBoosting,3,2,0,0.000473
HistGradientBoosting,3,0,1,0.998986
HistGradientBoosting,3,31,0,0.000473
HistGradientBoosting,4,21,0,0.000473
HistGradientBoosting,4,19,0,0.000473
HistGradientBoosting,4,22,0,0.000473
HistGradientBoosting,4,4,0,0.000473
HistGradientBoosting,4,26,0,0.000473
HistGradientBoosting,4,29,1,0.998986
HistGradientBoosting,4,13,1,0.998986
HistGradientBoosting,4,27,0,0.000473
HistGradientBoosting,4,24,0,0.000473
HistGradientBoosting,4,12,1,0.998986
HistGradientBoosting,5,15,0,0.000473
HistGradientBoosting,5,29,1,0.998986
HistGradientBoosting,5,20,0,0.000473
HistGradientBoosting,5,9,1,0.998986
HistGradientBoosting,5,19,0,0.000473
HistGradientBoosting,5,0,1,0.998986
HistGradientBoosting,5,7,0,0.000473
HistGradientBoosting,5,24,0,0.000473
HistGradientBoosting,5,25,0,0.000473
HistGradientBoosting,5,18,0,0.000473
HistGradientBoosting,6,6,0,0.000473
HistGradientBoosting,6,0,1,0.998986
HistGradientBoosting,6,10,0,0.000473
HistGradientBoosting,6,17,0,0.000473
HistGradientBoosting,6,3,0,0.000473
HistGradientBoosting,6,5,0,0.000473
HistGradientBoosting,6,2,0,0.000473
HistGradientBoosting,6,11,1,0.998986
HistGradientBoosting,6,9,1,0.998986
HistGradientBoosting,6,16,0,0.000473
HistGradientBoosting,7,13,1,0.998986
HistGradientBoosting,7,29,1,0.998986
HistGradientBoosting,7,31,0,0.000473
HistGradientBoosting,7,23,0,0.000473
HistGradientBoosting,7,28,0,0.000473
HistGradientBoosting,7,24,0,0.000473
HistGradientBoosting,7,6,0,0.000473
HistGradientBoosting,7,20,0,0.000473
HistGradientBoosting,7,18,0,0.000473
HistGradientBoosting,7,9,1,0.998986
HistGradientBoosting,8,18,0,0.000473
HistGradientBoosting,8,17,0,0.000473
HistGradientBoosting,8,14,1,0.998986
HistGradientBoosting,8,20,0,0.000473
HistGradientBoosting,8,5,0,0.000473
HistGradientBoosting,8,31,0,0.000473
HistGradientBoosting,8,15,0,0.000473
HistGradientBoosting,8,30,1,0.998986
HistGradientBoosting,8,0,1,0.998986
HistGradientBoosting,8,6,0,0.000473
HistGradientBoosting,9,29,1,0.998986
HistGradientBoosting,9,2,0,0.000473
HistGradientBoosting,9,5,0,0.000473
HistGradientBoosting,9,23,0,0.000473
HistGradientBoosting,9,18,0,0.000473
HistGradientBoosting,9,8,1,0.998986
HistGradientBoosting,9,22,0,0.000473
HistGradientBoosting,9,7,0,0.000473
HistGradientBoosting,9,0,1,0.998986
HistGradientBoosting,9,6,0,0.000473
HistGradientBoosting,10,12,1,0.998986
HistGradientBoosting,10,30,1,0.998986
HistGradientBoosting,10,4,0,0.000473
HistGradientBoosting,10,31,0,0.000473
HistGradientBoosting,10,0,1,0.998986
HistGradientBoosting,10,25,0,0.000473
HistGradientBoosting,10,19,0,0.000473
HistGradientBoosting,10,20,0,0.000473
HistGradientBoosting,10,18,0,0.000473
HistGradientBoosting,10,27,0,0.000473
HistGradientBoosting,11,22,0,0.000473
HistGradientBoosting,11,16,0,0.000473
HistGradientBoosting,11,12,1,0.998986
HistGradientBoosting,11,14,1,0.998986
HistGradientBoosting,11,3,0,0.000473
HistGradientBoosting,11,8,1,0.998986
HistGradientBoosting,11,19,0,0.000473
HistGradientBoosting,11,26,0,0.000473
HistGradientBoosting,11,20,0,0.000473
HistGradientBoosting,11,17,0,0.000473
HistGradientBoosting,12,7,0,0.000473
HistGradientBoosting,12,2,0,0.000473
HistGradientBoosting,12,15,0,0.000473
HistGradientBoosting,12,16,0,0.000473
HistGradientBoosting,12,13,1,0.998986
HistGradientBoosting,12,9,1,0.998986
HistGradientBoosting,12,27,0,0.000473
HistGradientBoosting,12,6,0,0.000473
HistGradientBoosting,12,11,1,0.998986
HistGradientBoosting,12,17,0,0.000473
HistGradientBoosting,13,4,0,0.000473
HistGradientBoosting,13,29,1,0.998986
HistGradientBoosting,13,16,0,0.000473
HistGradientBoosting,13,30,1,0.998986
HistGradientBoosting,13,25,0,0.000473
HistGradientBoosting,13,7,0,0.000473
HistGradientBoosting,13,9,1,0.998986
HistGradientBoosting,13,2,0,0.000473
HistGradientBoosting,13,24,0,0.000473
HistGradientBoosting,13,20,0,0.000473
HistGradientBoosting,14,3,0,0.000473
HistGradientBoosting,14,28,0,0.000473
HistGradientBoosting,14,25,0,0.000473
HistGradientBoosting,14,13,1,0.998986
HistGradientBoosting,14,4,0,0.000473
HistGradientBoosting,14,8,1,0.998986
HistGradientBoosting,14,21,0,0.000473
HistGradientBoosting,14,12,1,0.998986
HistGradientBoosting,14,26,0,0.000473
HistGradientBoosting,14,6,0,0.000473
HistGradientBoosting,15,22,0,0.000473
HistGradientBoosting,15,2,0,0.000473
HistGradientBoosting,15,21,0,0.000473
HistGradientBoosting,15,9,1,0.998986
HistGradientBoosting,15,12,1,0.998986
HistGradientBoosting,15,27,0,0.000473
HistGradientBoosting,15,20,0,0.000473
HistGradientBoosting,15,25,0,0.000473
HistGradientBoosting,15,16,0,0.000473
HistGradientBoosting,15,30,1,0.998986
HistGradientBoosting,16,25,0,0.000473
HistGradientBoosting,16,19,0,0.000473
HistGradientBoosting,16,28,0,0.000473
HistGradientBoosting,16,18,0,0.000473
HistGradientBoosting,16,11,1,0.998986
HistGradientBoosting,16,12,1,0.998986
HistGradientBoosting,16,24,0,0.000473
HistGradientBoosting,16,10,0,0.000473
HistGradientBoosting,16,8,1,0.998986
HistGradientBoosting,16,27,0,0.000473
HistGradientBoosting,17,10,0,0.000473
HistGradientBoosting,17,1,1,0.998986
HistGradientBoosting,17,31,0,0.000473
HistGradientBoosting,17,23,0,0.000473
HistGradientBoosting,17,25,0,0.000473
HistGradientBoosting,17,11,1,0.998986
HistGradientBoosting,17,5,0,0.000473
HistGradientBoosting,17,17,0,0.000473
HistGradientBoosting,17,7,0,0.000473
HistGradientBoosting,17,12,1,0.998986
HistGradientBoosting,18,17,0,0.000473
HistGradientBoosting,18,11,1,0.998986
HistGradientBoosting,18,21,0,0.000473
HistGradientBoosting,18,18,0,0.000473
HistGradientBoosting,18,8,1,0.998986
HistGradientBoosting,18,9,1,0.998986
HistGradientBoosting,18,31,0,0.000473
HistGradientBoosting,18,15,0,0.000473
HistGradientBoosting,18,4,0,0.000473
HistGradientBoosting,18,10,0,0.000473
HistGradientBoosting,19,3,0,0.000473
HistGradientBoosting,19,8,1,0.998986
HistGradientBoosting,19,15,0,0.000473
HistGradientBoosting,19,23,0,0.000473
HistGradientBoosting,19,18,0,0.000473
HistGradientBoosting,19,29,1,0.998986
HistGradientBoosting,19,4,0,0.000473
HistGradientBoosting,19,19,0,0.000473
HistGradientBoosting,19,7,0,0.000473
HistGradientBoosting,19,12,1,0.998986
HistGradientBoosting,20,31,0,0.000473
HistGradientBoosting,20,6,0,0.000473
HistGradientBoosting,20,29,1,0.998986
HistGradientBoosting,20,13,1,0.998986
HistGradientBoosting,20,4,0,0.000473
HistGradientBoosting,20,3,0,0.000473
HistGradientBoosting,20,19,0,0.000473
HistGradientBoosting,20,17,0,0.000473
HistGradientBoosting,20,16,0,0.000473
HistGradientBoosting,20,9,1,0.998986
MLP,1,11,1,0.998961
MLP,1,20,0,0.0
MLP,1,7,0,0.0
MLP,1,9,1,0.999576
MLP,1,21,0,2.1e-05
MLP,1,0,1,0.99924
MLP,1,27,0,8e-06
MLP,1,24,0,0.0
MLP,1,3,0,0.002442
MLP,1,10,0,0.01415
MLP,2,27,0,0.0011
MLP,2,15,0,0.949812
MLP,2,31,0,0.006662
MLP,2,13,1,0.986222
MLP,2,4,0,0.087337
MLP,2,12,1,0.995557
MLP,2,3,0,0.068606
MLP,2,6,0,2.2e-05
MLP,2,2,0,0.411566
MLP,2,14,1,0.99946
MLP,3,18,0,4e-06
MLP,3,30,1,0.907493
MLP,3,13,1,0.967732
MLP,3,28,0,0.019473
MLP,3,10,0,0.005024
MLP,3,15,0,0.989902
MLP,3,17,0,7e-06
MLP,3,2,0,0.178398
MLP,3,0,1,0.998764
MLP,3,31,0,0.016909
MLP,4,21,0,3.3e-05
MLP,4,19,0,0.0
MLP,4,22,0,9.8e-05
MLP,4,4,0,0.007226
MLP,4,26,0,0.0
MLP,4,29,1,0.992826
MLP,4,13,1,0.997257
MLP,4,27,0,1.2e-05
MLP,4,24,0,0.0
MLP,4,12,1,0.998773
MLP,5,15,0,0.902754
MLP,5,29,1,0.999178
MLP,5,20,0,2e-06
MLP,5,9,1,0.999297
MLP,5,19,0,6e-06
MLP,5,0,1,0.999299
MLP,5,7,0,0.0
MLP,5,24,0,1e-06
MLP,5,25,0,0.0
MLP,5,18,0,4e-06
MLP,6,6,0,0.000125
MLP,6,0,1,0.998892
MLP,6,10,0,0.023802
MLP,6,17,0,3.3e-05
MLP,6,3,0,0.010784
MLP,6,5,0,0.019765
MLP,6,2,0,0.07349
MLP,6,11,1,0.998747
MLP,6,9,1,0.999095
MLP,6,16,0,0.000139
MLP,7,13,1,0.997287
MLP,7,29,1,0.993716
MLP,7,31,0,0.001317
MLP,7,23,0,1e-06
MLP,7,28,0,0.000123
MLP,7,24,0,0.0
MLP,7,6,0,4e-06
MLP,7,20,0,0.0
MLP,7,18,0,0.0
MLP,7,9,1,0.999387
MLP,8,18,0,3e-06
MLP,8,17,0,7e-06
MLP,8,14,1,0.999068
MLP,8,20,0,2e-06
MLP,8,5,0,0.0049
MLP,8,31,0,0.000319
MLP,8,15,0,0.803825
MLP,8,30,1,0.898386
MLP,8,0,1,0.999082
MLP,8,6,0,2.5e-05
MLP,9,29,1,0.992094
MLP,9,2,0,0.061923
MLP,9,5,0,0.010149
MLP,9,23,0,1.6e-05
MLP,9,18,0,5e-06
MLP,9,8,1,0.998982
MLP,9,22,0,0.000328
MLP,9,7,0,1e-06
MLP,9,0,1,0.998974
MLP,9,6,0,4.5e-05
MLP,10,12,1,0.998912
MLP,10,30,1,0.954772
MLP,10,4,0,0.005955
MLP,10,31,0,0.000708
MLP,10,0,1,0.999636
MLP,10,25,0,0.0
MLP,10,19,0,1e-06
MLP,10,20,0,0.0
MLP,10,18,0,0.0
MLP,10,27,0,6e-06
MLP,11,22,0,0.000143
MLP,11,16,0,5e-05
MLP,11,12,1,0.998766
MLP,11,14,1,0.967003
MLP,11,3,0,0.003022
MLP,11,8,1,0.998771
MLP,11,19,0,4e-06
MLP,11,26,0,0.0
MLP,11,20,0,0.0
MLP,11,17,0,7e-06
MLP,12,7,0,7e-06
MLP,12,2,0,0.143129
MLP,12,15,0,0.977159
MLP,12,16,0,0.000463
MLP,12,13,1,0.987374
MLP,12,9,1,0.999346
MLP,12,27,0,0.000164
MLP,12,6,0,6e-06
MLP,12,11,1,0.995429
MLP,12,17,0,1.5e-05
MLP,13,4,0,0.0218
MLP,13,29,1,0.944051
MLP,13,16,0,8.7e-05
MLP,13,30,1,0.751517
MLP,13,25,0,0.0
MLP,13,7,0,5e-06
MLP,13,9,1,0.997813
MLP,13,2,0,0.103785
MLP,13,24,0,1e-06
MLP,13,20,0,1e-06
MLP,14,3,0,0.002971
MLP,14,28,0,0.000169
MLP,14,25,0,9e-06
MLP,14,13,1,0.99765
MLP,14,4,0,0.007519
MLP,14,8,1,0.999596
MLP,14,21,0,6.4e-05
MLP,14,12,1,0.999
MLP,14,26,0,8e-06
MLP,14,6,0,5.3e-05
MLP,15,22,0,0.000224
MLP,15,2,0,0.063482
MLP,15,21,0,6.7e-05
MLP,15,9,1,0.999663
MLP,15,12,1,0.99838
MLP,15,27,0,2.1e-05
MLP,15,20,0,1e-06
MLP,15,25,0,0.0
MLP,15,16,0,4.5e-05
MLP,15,30,1,0.949435
MLP,16,25,0,0.0
MLP,16,19,0,0.0
MLP,16,28,0,8e-05
MLP,16,18,0,0.0
MLP,16,11,1,0.998885
MLP,16,12,1,0.999158
MLP,16,24,0,0.0
MLP,16,10,0,0.015588
MLP,16,8,1,0.999288
MLP,16,27,0,7e-06
MLP,17,10,0,0.873643
MLP,17,1,1,0.54057
MLP,17,31,0,0.519792
MLP,17,23,0,1e-05
MLP,17,25,0,1e-06
MLP,17,11,1,0.998471
MLP,17,5,0,0.01668
MLP,17,17,0,2.6e-05
MLP,17,7,0,2e-06
MLP,17,12,1,0.998976
MLP,18,17,0,4e-06
MLP,18,11,1,0.998947
MLP,18,21,0,4.8e-05
MLP,18,18,0,1e-06
MLP,18,8,1,0.999754
MLP,18,9,1,0.999747
MLP,18,31,0,0.078517
MLP,18,15,0,0.839077
MLP,18,4,0,0.009842
MLP,18,10,0,0.200877
MLP,19,3,0,0.004498
MLP,19,8,1,0.999674
MLP,19,15,0,0.86672
MLP,19,23,0,7e-06
MLP,19,18,0,5e-06
MLP,19,29,1,0.998881
MLP,19,4,0,0.009726
MLP,19,19,0,7e-06
MLP,19,7,0,1e-06
MLP,19,12,1,0.999007
MLP,20,31,0,0.001314
MLP,20,6,0,3.1e-05
MLP,20,29,1,0.993125
MLP,20,13,1,0.997446
MLP,20,4,0,0.008041
MLP,20,3,0,0.003313
MLP,20,19,0,6e-06
MLP,20,17,0,1e-05
MLP,20,16,0,5.9e-05
MLP,20,9,1,0.999505
Soft Voting Ensemble,1,11,1,0.885054
Soft Voting Ensemble,1,20,0,0.090489
Soft Voting Ensemble,1,7,0,0.104637
Soft Voting Ensemble,1,9,1,0.823976
Soft Voting Ensemble,1,21,0,0.105839
Soft Voting Ensemble,1,0,1,0.816087
Soft Voting Ensemble,1,27,0,0.099498
Soft Voting Ensemble,1,24,0,0.049686
Soft Voting Ensemble,1,3,0,0.132255
Soft Voting Ensemble,1,10,0,0.206564
Soft Voting Ensemble,2,27,0,0.117061
Soft Voting Ensemble,2,15,0,0.577272
Soft Voting Ensemble,2,31,0,0.19703
Soft Voting Ensemble,2,13,1,0.812124
Soft Voting Ensemble,2,4,0,0.216145
Soft Voting Ensemble,2,12,1,0.869079
Soft Voting Ensemble,2,3,0,0.212493
Soft Voting Ensemble,2,6,0,0.099449
Soft Voting Ensemble,2,2,0,0.33007
Soft Voting Ensemble,2,14,1,0.925267
Soft Voting Ensemble,3,18,0,0.124083
Soft Voting Ensemble,3,30,1,0.874149
Soft Voting Ensemble,3,13,1,0.861085
Soft Voting Ensemble,3,28,0,0.322661
Soft Voting Ensemble,3,10,0,0.239999
Soft Voting Ensemble,3,15,0,0.637635
Soft Voting Ensemble,3,17,0,0.114381
Soft Voting Ensemble,3,2,0,0.241842
Soft Voting Ensemble,3,0,1,0.88768
Soft Voting Ensemble,3,31,0,0.278547
Soft Voting Ensemble,4,21,0,0.110997
Soft Voting Ensemble,4,19,0,0.081743
Soft Voting Ensemble,4,22,0,0.114479
Soft Voting Ensemble,4,4,0,0.147925
Soft Voting Ensemble,4,26,0,0.053837
Soft Voting Ensemble,4,29,1,0.872425
Soft Voting Ensemble,4,13,1,0.817921
Soft Voting Ensemble,4,27,0,0.108035
Soft Voting Ensemble,4,24,0,0.045202
Soft Voting Ensemble,4,12,1,0.863241
Soft Voting Ensemble,5,15,0,0.508291
Soft Voting Ensemble,5,29,1,0.906968
Soft Voting Ensemble,5,20,0,0.107938
Soft Voting Ensemble,5,9,1,0.804315
Soft Voting Ensemble,5,19,0,0.078109
Soft Voting Ensemble,5,0,1,0.849158
Soft Voting Ensemble,5,7,0,0.093842
Soft Voting Ensemble,5,24,0,0.045892
Soft Voting Ensemble,5,25,0,0.042119
Soft Voting Ensemble,5,18,0,0.088119
Soft Voting Ensemble,6,6,0,0.130297
Soft Voting Ensemble,6,0,1,0.824164
Soft Voting Ensemble,6,10,0,0.214663
Soft Voting Ensemble,6,17,0,0.102078
Soft Voting Ensemble,6,3,0,0.15503
Soft Voting Ensemble,6,5,0,0.184608
Soft Voting Ensemble,6,2,0,0.234295
Soft Voting Ensemble,6,11,1,0.894617
Soft Voting Ensemble,6,9,1,0.811167
Soft Voting Ensemble,6,16,0,0.175669
Soft Voting Ensemble,7,13,1,0.855801
Soft Voting Ensemble,7,29,1,0.898551
Soft Voting Ensemble,7,31,0,0.200203
Soft Voting Ensemble,7,23,0,0.077054
Soft Voting Ensemble,7,28,0,0.248971
Soft Voting Ensemble,7,24,0,0.047537
Soft Voting Ensemble,7,6,0,0.085847
Soft Voting Ensemble,7,20,0,0.108674
Soft Voting Ensemble,7,18,0,0.09222
Soft Voting Ensemble,7,9,1,0.822453
Soft Voting Ensemble,8,18,0,0.130375
Soft Voting Ensemble,8,17,0,0.131846
Soft Voting Ensemble,8,14,1,0.896457
Soft Voting Ensemble,8,20,0,0.119808
Soft Voting Ensemble,8,5,0,0.189831
Soft Voting Ensemble,8,31,0,0.21866
Soft Voting Ensemble,8,15,0,0.508653
Soft Voting Ensemble,8,30,1,0.852884
Soft Voting Ensemble,8,0,1,0.85341
Soft Voting Ensemble,8,6,0,0.117305
Soft Voting Ensemble,9,29,1,0.868123
Soft Voting Ensemble,9,2,0,0.22434
Soft Voting Ensemble,9,5,0,0.187381
Soft Voting Ensemble,9,23,0,0.097782
Soft Voting Ensemble,9,18,0,0.086771
Soft Voting Ensemble,9,8,1,0.871711
Soft Voting Ensemble,9,22,0,0.114676
Soft Voting Ensemble,9,7,0,0.100491
Soft Voting Ensemble,9,0,1,0.85325
Soft Voting Ensemble,9,6,0,0.128113
Soft Voting Ensemble,10,12,1,0.880151
Soft Voting Ensemble,10,30,1,0.854798
Soft Voting Ensemble,10,4,0,0.138157
Soft Voting Ensemble,10,31,0,0.215241
Soft Voting Ensemble,10,0,1,0.847246
Soft Voting Ensemble,10,25,0,0.039944
Soft Voting Ensemble,10,19,0,0.085495
Soft Voting Ensemble,10,20,0,0.10095
Soft Voting Ensemble,10,18,0,0.097422
Soft Voting Ensemble,10,27,0,0.103103
Soft Voting Ensemble,11,22,0,0.125132
Soft Voting Ensemble,11,16,0,0.159858
Soft Voting Ensemble,11,12,1,0.891412
Soft Voting Ensemble,11,14,1,0.873906
Soft Voting Ensemble,11,3,0,0.145095
Soft Voting Ensemble,11,8,1,0.886777
Soft Voting Ensemble,11,19,0,0.095302
Soft Voting Ensemble,11,26,0,0.085196
Soft Voting Ensemble,11,20,0,0.122432
Soft Voting Ensemble,11,17,0,0.105393
Soft Voting Ensemble,12,7,0,0.141573
Soft Voting Ensemble,12,2,0,0.273414
Soft Voting Ensemble,12,15,0,0.599745
Soft Voting Ensemble,12,16,0,0.162014
Soft Voting Ensemble,12,13,1,0.823859
Soft Voting Ensemble,12,9,1,0.820489
Soft Voting Ensemble,12,27,0,0.107244
Soft Voting Ensemble,12,6,0,0.08646
Soft Voting Ensemble,12,11,1,0.84903
Soft Voting Ensemble,12,17,0,0.082995
Soft Voting Ensemble,13,4,0,0.162354
Soft Voting Ensemble,13,29,1,0.841848
Soft Voting Ensemble,13,16,0,0.174211
Soft Voting Ensemble,13,30,1,0.772445
Soft Voting Ensemble,13,25,0,0.052747
Soft Voting Ensemble,13,7,0,0.143727
Soft Voting Ensemble,13,9,1,0.805207
Soft Voting Ensemble,13,2,0,0.268377
Soft Voting Ensemble,13,24,0,0.05972
Soft Voting Ensemble,13,20,0,0.119655
Soft Voting Ensemble,14,3,0,0.150323
Soft Voting Ensemble,14,28,0,0.237499
Soft Voting Ensemble,14,25,0,0.040697
Soft Voting Ensemble,14,13,1,0.81003
Soft Voting Ensemble,14,4,0,0.16556
Soft Voting Ensemble,14,8,1,0.857516
Soft Voting Ensemble,14,21,0,0.115909
Soft Voting Ensemble,14,12,1,0.861089
Soft Voting Ensemble,14,26,0,0.053689
Soft Voting Ensemble,14,6,0,0.088949
Soft Voting Ensemble,15,22,0,0.113504
Soft Voting Ensemble,15,2,0,0.239878
Soft Voting Ensemble,15,21,0,0.108637
Soft Voting Ensemble,15,9,1,0.809006
Soft Voting Ensemble,15,12,1,0.897357
Soft Voting Ensemble,15,27,0,0.103628
Soft Voting Ensemble,15,20,0,0.121541
Soft Voting Ensemble,15,25,0,0.036717
Soft Voting Ensemble,15,16,0,0.175876
Soft Voting Ensemble,15,30,1,0.824315
Soft Voting Ensemble,16,25,0,0.043798
Soft Voting Ensemble,16,19,0,0.078458
Soft Voting Ensemble,16,28,0,0.246618
Soft Voting Ensemble,16,18,0,0.089023
Soft Voting Ensemble,16,11,1,0.830097
Soft Voting Ensemble,16,12,1,0.833987
Soft Voting Ensemble,16,24,0,0.051374
Soft Voting Ensemble,16,10,0,0.190466
Soft Voting Ensemble,16,8,1,0.864258
Soft Voting Ensemble,16,27,0,0.101043
Soft Voting Ensemble,17,10,0,0.433136
Soft Voting Ensemble,17,1,1,0.578122
Soft Voting Ensemble,17,31,0,0.382339
Soft Voting Ensemble,17,23,0,0.071427
Soft Voting Ensemble,17,25,0,0.043523
Soft Voting Ensemble,17,11,1,0.833448
Soft Voting Ensemble,17,5,0,0.143838
Soft Voting Ensemble,17,17,0,0.09279
Soft Voting Ensemble,17,7,0,0.09819
Soft Voting Ensemble,17,12,1,0.849193
Soft Voting Ensemble,18,17,0,0.098783
Soft Voting Ensemble,18,11,1,0.882086
Soft Voting Ensemble,18,21,0,0.101444
Soft Voting Ensemble,18,18,0,0.101008
Soft Voting Ensemble,18,8,1,0.891598
Soft Voting Ensemble,18,9,1,0.838043
Soft Voting Ensemble,18,31,0,0.252708
Soft Voting Ensemble,18,15,0,0.566608
Soft Voting Ensemble,18,4,0,0.13421
Soft Voting Ensemble,18,10,0,0.258787
Soft Voting Ensemble,19,3,0,0.149951
Soft Voting Ensemble,19,8,1,0.88751
Soft Voting Ensemble,19,15,0,0.535586
Soft Voting Ensemble,19,23,0,0.093617
Soft Voting Ensemble,19,18,0,0.077588
Soft Voting Ensemble,19,29,1,0.905783
Soft Voting Ensemble,19,4,0,0.157723
Soft Voting Ensemble,19,19,0,0.079457
Soft Voting Ensemble,19,7,0,0.142746
Soft Voting Ensemble,19,12,1,0.889067
Soft Voting Ensemble,20,31,0,0.167146
Soft Voting Ensemble,20,6,0,0.104475
Soft Voting Ensemble,20,29,1,0.880298
Soft Voting Ensemble,20,13,1,0.855465
Soft Voting Ensemble,20,4,0,0.162952
Soft Voting Ensemble,20,3,0,0.157787
Soft Voting Ensemble,20,19,0,0.081884
Soft Voting Ensemble,20,17,0,0.084676
Soft Voting Ensemble,20,16,0,0.15052
Soft Voting Ensemble,20,9,1,0.829722
